budget,genres,homepage,id,keywords,original_language,original_title,overview,popularity,production_companies,production_countries,release_date,revenue,runtime,spoken_languages,status,tagline,title,vote_average,vote_count
237000000,"[{""id"": 28, ""name"": ""Action""}, {""id"": 12, ""name"": ""Adventure""}, {""id"": 14, ""name"": ""Fantasy""}, {""id"": 878, ""name"": ""Science Fiction""}]",http://www.avatarmovie.com/,19995,"[{""id"": 1463, ""name"": ""culture clash""}, {""id"": 2964, ""name"": ""future""}, {""id"": 3386, ""name"": ""space war""}, {""id"": 3388, ""name"": ""space colony""}, {""id"": 3679, ""name"": ""society""}, {""id"": 3801, ""name"": ""space travel""}, {""id"": 9685, ""name"": ""futuristic""}, {""id"": 9840, ""name"": ""romance""}, {""id"": 9882, ""name"": ""space""}, {""id"": 9951, ""name"": ""alien""}, {""id"": 10148, ""name"": ""tribe""}, {""id"": 10158, ""name"": ""alien planet""}, {""id"": 10987, ""name"": ""cgi""}, {""id"": 11399, ""name"": ""marine""}, {""id"": 13065, ""name"": ""soldier""}, {""id"": 14643, ""name"": ""battle""}, {""id"": 14720, ""name"": ""love affair""}, {""id"": 165431, ""name"": ""anti war""}, {""id"": 193554, ""name"": ""power relations""}, {""id"": 206690, ""name"": ""mind and soul""}, {""id"": 209714, ""name"": ""3d""}]",en,Avatar,"In the 22nd century, a paraplegic Marine is dispatched to the moon Pandora on a unique mission, but becomes torn between following orders and protecting an alien civilization.",150.437577,"[{""name"": ""Ingenious Film Partners"", ""id"": 289}, {""name"": ""Twentieth Century Fox Film Corporation"", ""id"": 306}, {""name"": ""Dune Entertainment"", ""id"": 444}, {""name"": ""Lightstorm Entertainment"", ""id"": 574}]","[{""iso_3166_1"": ""US"", ""name"": ""United States of America""}, {""iso_3166_1"": ""GB"", ""name"": ""United Kingdom""}]",12/10/2009,2787965087,162,"[{""iso_639_1"": ""en"", ""name"": ""English""}, {""iso_639_1"": ""es"", ""name"": ""Espa\u00f1ol""}]",Released,Enter the World of Pandora.,Avatar,7.2,11800
54000000,"[{""id"": 35, ""name"": ""Comedy""}, {""id"": 10749, ""name"": ""Romance""}]",http://www.youmeanddupree.com/,1819,"[{""id"": 1253, ""name"": ""roommate""}, {""id"": 2038, ""name"": ""love of one's life""}, {""id"": 156578, ""name"": ""newlywed""}]",en,"You, Me and Dupree","After standing in as best man for his longtime friend Carl Petersen, Randy Dupree loses his job, becomes a barfly and attaches himself to the newlywed couple almost permanently -- as their houseguest. But the longer Dupree camps out on their couch, the closer he gets to Carl's bride, Molly, leaving the frustrated groom wondering when his pal will be moving out.",18.600367,"[{""name"": ""Universal Pictures"", ""id"": 33}, {""name"": ""Kaplan/Perrone Entertainment"", ""id"": 11844}, {""name"": ""MMCB Film Produktion 2004"", ""id"": 59957}]","[{""iso_3166_1"": ""US"", ""name"": ""United States of America""}]",7/14/2006,130431368,108,"[{""iso_639_1"": ""en"", ""name"": ""English""}]",Released,Two's company. Dupree's a crowd.,"You, Me and Dupree",5.4,407
21000000,"[{""id"": 18, ""name"": ""Drama""}, {""id"": 53, ""name"": ""Thriller""}]",,2575,"[{""id"": 246, ""name"": ""dancing""}, {""id"": 470, ""name"": ""spy""}, {""id"": 1421, ""name"": ""birthday""}, {""id"": 1969, ""name"": ""map""}, {""id"": 2407, ""name"": ""fireworks""}, {""id"": 3450, ""name"": ""bridge""}, {""id"": 4289, ""name"": ""secret agent""}, {""id"": 8570, ""name"": ""president""}, {""id"": 10103, ""name"": ""children""}, {""id"": 10183, ""name"": ""independent film""}, {""id"": 11061, ""name"": ""debt""}, {""id"": 15058, ""name"": ""swimming""}, {""id"": 33501, ""name"": ""political""}, {""id"": 33624, ""name"": ""band""}]",en,The Tailor of Panama,"A British spy is banished to Panama after having an affair with an ambassador's mistress. Once there he makes connection with a local tailor with a nefarious past and connections to all of the top political and gangster figures in Panama. The tailor also has a wife, who works for the Panamanian president and a huge debt. The mission is to learn what the President intends to do with the Canal.",7.047975,"[{""name"": ""Columbia Pictures"", ""id"": 5}, {""name"": ""Merlin Films"", ""id"": 3201}]","[{""iso_3166_1"": ""IE"", ""name"": ""Ireland""}, {""iso_3166_1"": ""US"", ""name"": ""United States of America""}]",2/11/2001,28008462,109,"[{""iso_639_1"": ""en"", ""name"": ""English""}, {""iso_639_1"": ""es"", ""name"": ""Espa\u00f1ol""}]",Released,"In a place this treacherous, what a good spy needs is a spy of his own.",The Tailor of Panama,6.2,92
1000000,"[{""id"": 80, ""name"": ""Crime""}, {""id"": 18, ""name"": ""Drama""}, {""id"": 9648, ""name"": ""Mystery""}, {""id"": 53, ""name"": ""Thriller""}]",,26791,[],en,Brigham City,"Wes Clayton is a lawman and a bishop in a Mormon community called Brigham. The town is shaken when a woman from California is found murdered. Clayton and his young deputy work with an FBI agent sent to investigate. As a civil and spiritual leader in the frightened town, Clayton must uncover the town's deepest secrets, find the murderer and keep Brigham from ripping itself apart.",0.280083,"[{""name"": ""Main Street Movie Company"", ""id"": 6337}]","[{""iso_3166_1"": ""US"", ""name"": ""United States of America""}]",3/30/2001,852206,119,"[{""iso_639_1"": ""en"", ""name"": ""English""}]",Released,,Brigham City,7.3,4
100000000,"[{""id"": 18, ""name"": ""Drama""}, {""id"": 878, ""name"": ""Science Fiction""}, {""id"": 12, ""name"": ""Adventure""}]",,644,"[{""id"": 310, ""name"": ""artificial intelligence""}, {""id"": 530, ""name"": ""prophecy""}, {""id"": 549, ""name"": ""prostitute""}, {""id"": 803, ""name"": ""android""}, {""id"": 936, ""name"": ""loss of mother""}, {""id"": 1603, ""name"": ""extraterrestrial technology""}, {""id"": 2219, ""name"": ""ice age""}, {""id"": 2393, ""name"": ""adoption""}, {""id"": 3205, ""name"": ""fairy tale""}, {""id"": 3244, ""name"": ""pinocchio""}, {""id"": 3246, ""name"": ""prosecution""}, {""id"": 3248, ""name"": ""gigolo""}, {""id"": 3249, ""name"": ""hologram""}, {""id"": 4565, ""name"": ""dystopia""}, {""id"": 9951, ""name"": ""alien""}, {""id"": 40850, ""name"": ""destiny""}, {""id"": 156702, ""name"": ""capture""}, {""id"": 161891, ""name"": ""doppelganger""}]",en,A.I. Artificial Intelligence,"A robotic boy, the first programmed to love, David is adopted as a test case by a Cybertronics employee and his wife. Though he gradually becomes their child, a series of unexpected circumstances make this life impossible for David. Without final acceptance by humans or machines, David embarks on a journey to discover where he truly belongs, uncovering a world in which the line between robot and machine is both vast and profoundly thin.",34.035114,"[{""name"": ""DreamWorks SKG"", ""id"": 27}, {""name"": ""Amblin Entertainment"", ""id"": 56}, {""name"": ""Stanley Kubrick Productions"", ""id"": 385}, {""name"": ""Warner Bros."", ""id"": 6194}]","[{""iso_3166_1"": ""US"", ""name"": ""United States of America""}]",6/29/2001,235926552,146,"[{""iso_639_1"": ""en"", ""name"": ""English""}]",Released,"David is 11 years old. He weighs 60 pounds. He is 4 feet, 6 inches tall. He has brown hair. His love is real. But he is not.",A.I. Artificial Intelligence,6.8,1974
10000000,"[{""id"": 27, ""name"": ""Horror""}]",http://www.sinistermovie.com/,283445,"[{""id"": 3358, ""name"": ""haunted house""}, {""id"": 9663, ""name"": ""sequel""}, {""id"": 15016, ""name"": ""twins""}]",en,Sinister 2,A young mother and her twin sons move into a rural house that's marked for death.,26.090495,"[{""name"": ""Alliance Films"", ""id"": 2514}, {""name"": ""Blumhouse Productions"", ""id"": 3172}, {""name"": ""IM Global"", ""id"": 7437}, {""name"": ""Automatik Entertainment"", ""id"": 7625}, {""name"": ""Entertainment One"", ""id"": 8147}, {""name"": ""Tank Caterpillar"", ""id"": 69110}, {""name"": ""Steady Aim"", ""id"": 69111}]","[{""iso_3166_1"": ""US"", ""name"": ""United States of America""}]",8/19/2015,52882018,97,"[{""iso_639_1"": ""en"", ""name"": ""English""}]",Released,"Be careful, children at play.",Sinister 2,5.4,581
88000000,"[{""id"": 28, ""name"": ""Action""}, {""id"": 35, ""name"": ""Comedy""}, {""id"": 878, ""name"": ""Science Fiction""}]",http://www.pixels-movie.com/,257344,"[{""id"": 282, ""name"": ""video game""}, {""id"": 5801, ""name"": ""nerd""}, {""id"": 192962, ""name"": ""alien attack""}, {""id"": 209714, ""name"": ""3d""}, {""id"": 220855, ""name"": ""pixels""}]",en,Pixels,Video game experts are recruited by the military to fight 1980s-era video game characters who've attacked New York.,140.849495,"[{""name"": ""Columbia Pictures"", ""id"": 5}, {""name"": ""Happy Madison Productions"", ""id"": 2608}]","[{""iso_3166_1"": ""US"", ""name"": ""United States of America""}]",7/16/2015,243637091,105,"[{""iso_639_1"": ""en"", ""name"": ""English""}]",Released,Game On.,Pixels,5.6,2513
150000000,"[{""id"": 28, ""name"": ""Action""}, {""id"": 12, ""name"": ""Adventure""}, {""id"": 878, ""name"": ""Science Fiction""}, {""id"": 53, ""name"": ""Thriller""}]",http://www.jurassicworld.com/,135397,"[{""id"": 1299, ""name"": ""monster""}, {""id"": 1718, ""name"": ""dna""}, {""id"": 1720, ""name"": ""tyrannosaurus rex""}, {""id"": 1766, ""name"": ""velociraptor""}, {""id"": 2041, ""name"": ""island""}, {""id"": 9663, ""name"": ""sequel""}, {""id"": 9937, ""name"": ""suspense""}, {""id"": 10617, ""name"": ""disaster""}, {""id"": 10685, ""name"": ""escape""}, {""id"": 12616, ""name"": ""dinosaur""}, {""id"": 155582, ""name"": ""amusement park""}, {""id"": 158130, ""name"": ""animal attack""}, {""id"": 158340, ""name"": ""theme park""}, {""id"": 178010, ""name"": ""jurassic park""}, {""id"": 209714, ""name"": ""3d""}, {""id"": 223059, ""name"": ""animal horror""}]",en,Jurassic World,"Twenty-two years after the events of Jurassic Park, Isla Nublar now features a fully functioning dinosaur theme park, Jurassic World, as originally envisioned by John Hammond.",418.708552,"[{""name"": ""Universal Studios"", ""id"": 13}, {""name"": ""Amblin Entertainment"", ""id"": 56}, {""name"": ""Legendary Pictures"", ""id"": 923}, {""name"": ""Fuji Television Network"", ""id"": 3341}, {""name"": ""Dentsu"", ""id"": 6452}]","[{""iso_3166_1"": ""US"", ""name"": ""United States of America""}]",6/9/2015,1513528810,124,"[{""iso_639_1"": ""en"", ""name"": ""English""}]",Released,The park is open.,Jurassic World,6.5,8662
22000000,"[{""id"": 14, ""name"": ""Fantasy""}, {""id"": 28, ""name"": ""Action""}, {""id"": 53, ""name"": ""Thriller""}]",http://www.sonypictures.com/movies/underworld/site/main.html,277,"[{""id"": 810, ""name"": ""budapest""}, {""id"": 1552, ""name"": ""subway""}, {""id"": 2038, ""name"": ""love of one's life""}, {""id"": 3133, ""name"": ""vampire""}, {""id"": 4197, ""name"": ""bite""}, {""id"": 4198, ""name"": ""descendant""}, {""id"": 6062, ""name"": ""hostility""}, {""id"": 10950, ""name"": ""shootout""}, {""id"": 12564, ""name"": ""werewolf""}, {""id"": 34136, ""name"": ""blunt""}, {""id"": 231407, ""name"": ""fang vamp""}]",en,Underworld,"Vampires and werewolves have waged a nocturnal war against each other for centuries. But all bets are off when a female vampire warrior named Selene, who's famous for her strength and werewolf-hunting prowess, becomes smitten with a peace-loving male werewolf, Michael, who wants to end the war.",81.829237,"[{""name"": ""Lakeshore Entertainment"", ""id"": 126}, {""name"": ""Laurinfilm"", ""id"": 7733}, {""name"": ""Subterranean Productions LLC"", ""id"": 7734}, {""name"": ""Subterranean Productions UK Ltd."", ""id"": 7735}, {""name"": ""Underworld Produktions GmbH"", ""id"": 7736}]","[{""iso_3166_1"": ""DE"", ""name"": ""Germany""}, {""iso_3166_1"": ""HU"", ""name"": ""Hungary""}, {""iso_3166_1"": ""GB"", ""name"": ""United Kingdom""}, {""iso_3166_1"": ""US"", ""name"": ""United States of America""}]",9/19/2003,95708457,121,"[{""iso_639_1"": ""en"", ""name"": ""English""}]",Released,Underworld,Underworld,6.6,2512
35000000,"[{""id"": 10749, ""name"": ""Romance""}, {""id"": 35, ""name"": ""Comedy""}]",http://www.fwb-movie.com/,50544,"[{""id"": 3739, ""name"": ""funeral""}, {""id"": 9713, ""name"": ""friends""}, {""id"": 11612, ""name"": ""hospital""}, {""id"": 179430, ""name"": ""aftercreditsstinger""}, {""id"": 179431, ""name"": ""duringcreditsstinger""}]",en,Friends with Benefits,"Jamie is a New York-based executive recruiter who entices Dylan, an art director from Los Angeles, to take a job at the New York office of GQ magazine. Finding that they have much in common, the two become fast friends. Feeling jaded by a number of broken romances, Dylan and Jamie decide that they are ready to quit looking for true love and focus on having fun. However, complications unfold when the two best pals add sex to their relationship.",40.526587,"[{""name"": ""Castle Rock Entertainment"", ""id"": 97}, {""name"": ""Screen Gems"", ""id"": 3287}, {""name"": ""Olive Bridge Entertainment"", ""id"": 7291}]","[{""iso_3166_1"": ""US"", ""name"": ""United States of America""}]",7/21/2011,150483765,109,"[{""iso_639_1"": ""en"", ""name"": ""English""}]",Released,Some friends come with a happy ending.,Friends with Benefits,6.5,2237
55000000,"[{""id"": 28, ""name"": ""Action""}, {""id"": 53, ""name"": ""Thriller""}, {""id"": 80, ""name"": ""Crime""}]",,34314,"[{""id"": 2080, ""name"": ""stewardess""}, {""id"": 3800, ""name"": ""airplane""}, {""id"": 10950, ""name"": ""shootout""}, {""id"": 198541, ""name"": ""air marshal""}, {""id"": 207317, ""name"": ""christmas""}, {""id"": 208637, ""name"": ""turbulence""}]",en,Turbulence,"On a flight transporting dangerous convicts, murderer Ryan Weaver manages to break free and cause complete chaos throughout the plane. As various people on board fall victim to Weaver, it is ultimately down to flight attendant Teri Halloran to keep the aircraft from crashing, with on-ground support from an air traffic controller. While Halloran struggles to pilot the plane, Weaver continues to terrorize the surviving members of the crew.",4.700024,"[{""name"": ""Metro-Goldwyn-Mayer (MGM)"", ""id"": 8411}, {""name"": ""Rysher Entertainment"", ""id"": 11661}]","[{""iso_3166_1"": ""US"", ""name"": ""United States of America""}]",1/9/1997,11466088,100,"[{""iso_639_1"": ""en"", ""name"": ""English""}]",Released,"If you weren't afraid of flying before, you will be now.",Turbulence,5.2,62
25000000,"[{""id"": 18, ""name"": ""Drama""}]",,866,"[{""id"": 212, ""name"": ""london england""}, {""id"": 388, ""name"": ""scotland""}, {""id"": 970, ""name"": ""parents kids relationship""}, {""id"": 1412, ""name"": ""becoming an adult""}, {""id"": 2486, ""name"": ""fantasy""}, {""id"": 2784, ""name"": ""mother role""}, {""id"": 3321, ""name"": ""childhood memory""}, {""id"": 3836, ""name"": ""success""}, {""id"": 4129, ""name"": ""widow""}, {""id"": 4326, ""name"": ""theatre play""}, {""id"": 4327, ""name"": ""stroke of fate""}, {""id"": 4328, ""name"": ""costume""}, {""id"": 4332, ""name"": ""peter pan""}, {""id"": 4333, ""name"": ""theatre group""}, {""id"": 4414, ""name"": ""adventure""}, {""id"": 4549, ""name"": ""loss of husband""}, {""id"": 5809, ""name"": ""marriage crisis""}, {""id"": 6034, ""name"": ""theatre milieu""}, {""id"": 6054, ""name"": ""friendship""}, {""id"": 6150, ""name"": ""faith""}, {""id"": 9457, ""name"": ""single""}, {""id"": 10707, ""name"": ""mother daughter relationship""}, {""id"": 10818, ""name"": ""author""}, {""id"": 12988, ""name"": ""pirate""}, {""id"": 40895, ""name"": ""illness""}, {""id"": 184989, ""name"": ""spectacle""}, {""id"": 208349, ""name"": ""child""}]",en,Finding Neverland,Finding Neverland is an amusing drama about how the story of Peter Pan and Neverland came to be. During a writing slump play writer J.M. Barrie meets the widowed Sylvia and her three children who soon become an important part of Barrie’s life and the inspiration that lead him to create his masterpiece “Peter Pan.”,34.160448,"[{""name"": ""Miramax Films"", ""id"": 14}, {""name"": ""Film Colony"", ""id"": 560}]","[{""iso_3166_1"": ""GB"", ""name"": ""United Kingdom""}, {""iso_3166_1"": ""US"", ""name"": ""United States of America""}]",10/17/2004,116766556,106,"[{""iso_639_1"": ""en"", ""name"": ""English""}]",Released,Where will your imagination take you?,Finding Neverland,7.2,1223
25000000,"[{""id"": 53, ""name"": ""Thriller""}, {""id"": 28, ""name"": ""Action""}, {""id"": 18, ""name"": ""Drama""}, {""id"": 10402, ""name"": ""Music""}, {""id"": 10749, ""name"": ""Romance""}]",,619,"[{""id"": 1156, ""name"": ""sister sister relationship""}, {""id"": 1596, ""name"": ""anonymous letter""}, {""id"": 2992, ""name"": ""diva""}, {""id"": 3088, ""name"": ""bodyguard""}, {""id"": 3089, ""name"": ""oscar award""}, {""id"": 12670, ""name"": ""los angeles""}]",en,The Bodyguard,"A former Secret Service agent grudgingly takes an assignment to protect a pop idol who's threatened by a crazed fan. At first, the safety-obsessed bodyguard and the self-indulgent diva totally clash. But before long, all that tension sparks fireworks of another sort, and the love-averse tough guy is torn between duty and romance.",26.576385,"[{""name"": ""Tig Productions"", ""id"": 335}, {""name"": ""Warner Bros."", ""id"": 6194}, {""name"": ""Kasdan Pictures"", ""id"": 13040}]","[{""iso_3166_1"": ""US"", ""name"": ""United States of America""}]",11/25/1992,411006740,129,"[{""iso_639_1"": ""en"", ""name"": ""English""}]",Released,Never let her out of your sight. Never let your guard down. Never fall in love.,The Bodyguard,6.1,661
450000,"[{""id"": 18, ""name"": ""Drama""}, {""id"": 10749, ""name"": ""Romance""}]",,15624,"[{""id"": 811, ""name"": ""dialogue""}, {""id"": 814, ""name"": ""talking""}, {""id"": 3584, ""name"": ""bridesmaid""}, {""id"": 11327, ""name"": ""wedding reception""}, {""id"": 13027, ""name"": ""wedding""}, {""id"": 41354, ""name"": ""dialogue driven""}]",en,Conversations with Other Women,"Reunited at a wedding after many years, former lovers again feel the pull of a mutual attraction neither is willing to admit. Escaping the reception for the privacy of a hotel room, the unnamed pair explore the choices of the past that led them to the present.",4.442355,"[{""name"": ""Prophecy Pictures Ltd."", ""id"": 41047}, {""name"": ""Gordonstreet Pictures"", ""id"": 60473}]","[{""iso_3166_1"": ""GB"", ""name"": ""United Kingdom""}, {""iso_3166_1"": ""US"", ""name"": ""United States of America""}]",6/7/2006,973525,84,"[{""iso_639_1"": ""en"", ""name"": ""English""}]",Released,There are two sides to every love story.,Conversations with Other Women,6.2,38
23000000,"[{""id"": 9648, ""name"": ""Mystery""}, {""id"": 53, ""name"": ""Thriller""}, {""id"": 18, ""name"": ""Drama""}]",,10866,"[{""id"": 1981, ""name"": ""colorado""}, {""id"": 6054, ""name"": ""friendship""}, {""id"": 6844, ""name"": ""stalker""}, {""id"": 11794, ""name"": ""pokies""}, {""id"": 155497, ""name"": ""truck driver""}, {""id"": 155498, ""name"": ""cb radio""}, {""id"": 215191, ""name"": ""strange""}]",en,Joy Ride,"Three young people on a road trip from Colorado to New Jersey talk to a trucker on their CB radio, then must escape when he turns out to be a psychotic killer.",11.183197,"[{""name"": ""Regency Enterprises"", ""id"": 508}, {""name"": ""Epsilon Motion Pictures"", ""id"": 1171}, {""name"": ""LivePlanet"", ""id"": 7161}, {""name"": ""New Regency Pictures"", ""id"": 10104}, {""name"": ""Bad Robot"", ""id"": 11461}]","[{""iso_3166_1"": ""US"", ""name"": ""United States of America""}]",10/5/2001,36642838,97,"[{""iso_639_1"": ""en"", ""name"": ""English""}]",Released,"It was just a joke, just for fun.",Joy Ride,6.3,325
30000000,"[{""id"": 28, ""name"": ""Action""}, {""id"": 53, ""name"": ""Thriller""}, {""id"": 80, ""name"": ""Crime""}]",http://www.machinegunpreacher.org/movie/,45610,"[{""id"": 3058, ""name"": ""underage soldier""}, {""id"": 179431, ""name"": ""duringcreditsstinger""}]",en,Machine Gun Preacher,"The true story of Sam Childers, a former drug-dealing biker who finds God and became a crusader for hundreds of Sudanese children who've been kidnapped and pressed into duty as soldiers.",13.268936,"[{""name"": ""Mpower Pictures"", ""id"": 5294}, {""name"": ""Relativity Media"", ""id"": 7295}, {""name"": ""1984 Private Defense Contractors"", ""id"": 8532}, {""name"": ""Virgin Produced"", ""id"": 8852}, {""name"": ""Moonlighting Films"", ""id"": 9137}, {""name"": ""Apparatus Productions"", ""id"": 11956}, {""name"": ""GG Filmz"", ""id"": 11957}, {""name"": ""ITS Capital"", ""id"": 11958}, {""name"": ""Merlina Entertainment"", ""id"": 11959}, {""name"": ""MGP Productions"", ""id"": 11960}, {""name"": ""Safady Entertainment"", ""id"": 11961}]","[{""iso_3166_1"": ""US"", ""name"": ""United States of America""}]",9/23/2011,2527904,129,"[{""iso_639_1"": ""ar"", ""name"": ""\u0627\u0644\u0639\u0631\u0628\u064a\u0629""}, {""iso_639_1"": ""en"", ""name"": ""English""}]",Released,Hope is the greatest weapon of all,Machine Gun Preacher,6.4,286
32000000,"[{""id"": 18, ""name"": ""Drama""}, {""id"": 53, ""name"": ""Thriller""}, {""id"": 80, ""name"": ""Crime""}]",,59,"[{""id"": 642, ""name"": ""robbery""}, {""id"": 848, ""name"": ""double life""}, {""id"": 851, ""name"": ""dual identity""}, {""id"": 1415, ""name"": ""small town""}, {""id"": 1447, ""name"": ""indiana""}, {""id"": 1448, ""name"": ""distrust""}, {""id"": 1721, ""name"": ""fight""}, {""id"": 2801, ""name"": ""self-defense""}, {""id"": 6038, ""name"": ""marriage""}, {""id"": 10235, ""name"": ""family relationships""}, {""id"": 10325, ""name"": ""mistaken identity""}, {""id"": 10738, ""name"": ""diner""}, {""id"": 10909, ""name"": ""lawyer""}, {""id"": 11578, ""name"": ""mobster""}, {""id"": 14819, ""name"": ""violence""}, {""id"": 18083, ""name"": ""attempted robbery""}]",en,A History of Violence,An average family is thrust into the spotlight after the father commits a seemingly self-defense murder at his diner.,34.628738,"[{""name"": ""New Line Cinema"", ""id"": 12}, {""name"": ""DC Comics"", ""id"": 429}, {""name"": ""BenderSpink"", ""id"": 6363}]","[{""iso_3166_1"": ""US"", ""name"": ""United States of America""}, {""iso_3166_1"": ""CA"", ""name"": ""Canada""}, {""iso_3166_1"": ""DE"", ""name"": ""Germany""}]",9/23/2005,60740827,96,"[{""iso_639_1"": ""en"", ""name"": ""English""}]",Released,Tom Stall had the perfect life... until he became a hero.,A History of Violence,6.9,832
50000000,"[{""id"": 35, ""name"": ""Comedy""}, {""id"": 10749, ""name"": ""Romance""}]",,2898,"[{""id"": 641, ""name"": ""single parent""}, {""id"": 828, ""name"": ""waitress""}, {""id"": 3568, ""name"": ""lone wolf""}, {""id"": 6054, ""name"": ""friendship""}, {""id"": 10226, ""name"": ""neighbor""}, {""id"": 10818, ""name"": ""author""}, {""id"": 13001, ""name"": ""cowardliness""}, {""id"": 13028, ""name"": ""writer""}, {""id"": 15162, ""name"": ""dog""}, {""id"": 159317, ""name"": ""rude""}, {""id"": 159318, ""name"": ""obnoxious""}, {""id"": 167982, ""name"": ""unlikely friendship""}, {""id"": 228768, ""name"": ""noodle salad""}]",en,As Good as It Gets,"New York City. Melvin Udall, a cranky, bigoted, obsessive-compulsive writer, finds his life turned upside down when neighboring gay artist Simon is hospitalized and his dog is entrusted to Melvin. In addition, Carol, the only waitress who will tolerate him, must leave work to care for her sick son, making it impossible for Melvin to eat breakfast.",37.885022,"[{""name"": ""Gracie Films"", ""id"": 18}, {""name"": ""TriStar Pictures"", ""id"": 559}]","[{""iso_3166_1"": ""US"", ""name"": ""United States of America""}]",12/19/1997,314178011,139,"[{""iso_639_1"": ""en"", ""name"": ""English""}]",Released,A comedy from the heart that goes for the throat.,As Good as It Gets,7.2,915
55000000,"[{""id"": 28, ""name"": ""Action""}, {""id"": 53, ""name"": ""Thriller""}, {""id"": 80, ""name"": ""Crime""}, {""id"": 12, ""name"": ""Adventure""}]",,8195,"[{""id"": 90, ""name"": ""paris""}, {""id"": 254, ""name"": ""france""}, {""id"": 2001, ""name"": ""arms deal""}, {""id"": 10038, ""name"": ""audi""}, {""id"": 13068, ""name"": ""impostor""}, {""id"": 14678, ""name"": ""case""}, {""id"": 14819, ""name"": ""violence""}, {""id"": 157168, ""name"": ""ice skating""}, {""id"": 157238, ""name"": ""computer expert""}, {""id"": 159669, ""name"": ""ex kgb""}, {""id"": 159679, ""name"": ""preparation""}, {""id"": 159684, ""name"": ""hit with a car door""}, {""id"": 159685, ""name"": ""cellular phone trace""}, {""id"": 159688, ""name"": ""merry go round""}]",en,Ronin,"A briefcase with undisclosed contents – sought by Irish terrorists and the Russian mob – makes its way into criminals' hands. An Irish liaison assembles a squad of mercenaries, or 'ronin', and gives them the thorny task of recovering the case.",32.657488,"[{""name"": ""United Artists"", ""id"": 60}, {""name"": ""FGM Entertainment"", ""id"": 2347}]","[{""iso_3166_1"": ""FR"", ""name"": ""France""}, {""iso_3166_1"": ""GB"", ""name"": ""United Kingdom""}, {""iso_3166_1"": ""US"", ""name"": ""United States of America""}]",9/25/1998,41610884,122,"[{""iso_639_1"": ""en"", ""name"": ""English""}, {""iso_639_1"": ""fr"", ""name"": ""Fran\u00e7ais""}, {""iso_639_1"": ""ru"", ""name"": ""P\u0443\u0441\u0441\u043a\u0438\u0439""}]",Released,Your ally could become your enemy.,Ronin,6.7,658
2400000,"[{""id"": 18, ""name"": ""Drama""}]",,49471,"[{""id"": 521, ""name"": ""washington d.c.""}, {""id"": 992, ""name"": ""bus""}, {""id"": 165461, ""name"": ""march""}]",en,Get on the Bus,"Get On the Bus follows several Black men on a cross country bus trip to the Million Man March. On the bus are an eclectic set of characters including a laid off aircraft worker, a former Gang Banger, a Hollywood actor, a cop who is of mixed racial background, and a White bus driver, all make the trek discussing issues surrounding the march, manhood, religion, politics, and race.",4.623059,"[{""name"": ""Columbia Pictures"", ""id"": 5}, {""name"": ""40 Acres & A Mule Filmworks"", ""id"": 4319}]","[{""iso_3166_1"": ""US"", ""name"": ""United States of America""}]",10/16/1996,5731103,120,"[{""iso_639_1"": ""en"", ""name"": ""English""}]",Released,"On October 16, 1996, the one year anniversary of the Million Man March, Spike Lee invites you to lift your head, raise your voice, and...get on the bus.",Get on the Bus,7,11
50000000,"[{""id"": 80, ""name"": ""Crime""}, {""id"": 53, ""name"": ""Thriller""}]",,181283,"[{""id"": 818, ""name"": ""based on novel""}, {""id"": 2111, ""name"": ""soviet union""}, {""id"": 2808, ""name"": ""russian""}, {""id"": 9826, ""name"": ""murder""}, {""id"": 10714, ""name"": ""serial killer""}, {""id"": 162365, ""name"": ""military""}, {""id"": 166109, ""name"": ""child murder""}, {""id"": 191543, ""name"": ""stalinism""}, {""id"": 208611, ""name"": ""1950s""}]",en,Child 44,"Set in Stalin-era Soviet Union, a disgraced MGB agent is dispatched to investigate a series of child murders -- a case that begins to connect with the very top of party leadership.",40.371098,"[{""name"": ""Summit Entertainment"", ""id"": 491}, {""name"": ""Scott Free Productions"", ""id"": 1645}, {""name"": ""Worldview Entertainment"", ""id"": 9015}]","[{""iso_3166_1"": ""GB"", ""name"": ""United Kingdom""}, {""iso_3166_1"": ""US"", ""name"": ""United States of America""}, {""iso_3166_1"": ""CZ"", ""name"": ""Czech Republic""}, {""iso_3166_1"": ""RO"", ""name"": ""Romania""}]",3/15/2015,3324330,137,"[{""iso_639_1"": ""en"", ""name"": ""English""}]",Released,How do you find a killer who doesn’t exist?,Child 44,6.1,547
40000000,"[{""id"": 10749, ""name"": ""Romance""}, {""id"": 14, ""name"": ""Fantasy""}, {""id"": 16, ""name"": ""Animation""}, {""id"": 10402, ""name"": ""Music""}]",http://corpsebridemovie.warnerbros.com/,3933,"[{""id"": 367, ""name"": ""shyness""}, {""id"": 392, ""name"": ""england""}, {""id"": 1332, ""name"": ""cheating""}, {""id"": 2103, ""name"": ""old town""}, {""id"": 2968, ""name"": ""grave""}, {""id"": 4062, ""name"": ""skeleton""}, {""id"": 4344, ""name"": ""musical""}, {""id"": 6038, ""name"": ""marriage""}, {""id"": 7578, ""name"": ""wedding ring""}, {""id"": 10121, ""name"": ""stop motion""}, {""id"": 10336, ""name"": ""animation""}, {""id"": 10594, ""name"": ""money""}, {""id"": 13027, ""name"": ""wedding""}, {""id"": 13092, ""name"": ""corpse""}, {""id"": 18093, ""name"": ""wedding ceremony""}, {""id"": 159947, ""name"": ""parents""}, {""id"": 177895, ""name"": ""dark fantasy""}, {""id"": 181046, ""name"": ""european""}, {""id"": 189093, ""name"": ""ring""}, {""id"": 207592, ""name"": ""piano""}]",en,Corpse Bride,"Set in a 19th-century european village, this stop-motion animation feature follows the story of Victor, a young man whisked away to the underworld and wed to a mysterious corpse bride, while his real bride Victoria waits bereft in the land of the living.",43.571612,"[{""name"": ""Tim Burton Animation Company"", ""id"": 1514}, {""name"": ""Will Vinton Studios"", ""id"": 1515}, {""name"": ""Warner Bros."", ""id"": 6194}, {""name"": ""Tim Burton Productions"", ""id"": 8601}, {""name"": ""Laika Entertainment"", ""id"": 11537}, {""name"": ""Patalex Productions"", ""id"": 57751}]","[{""iso_3166_1"": ""US"", ""name"": ""United States of America""}]",9/9/2005,117195061,77,"[{""iso_639_1"": ""en"", ""name"": ""English""}]",Released,There's been a grave misunderstanding.,Corpse Bride,7.2,1894
90000000,"[{""id"": 80, ""name"": ""Crime""}, {""id"": 53, ""name"": ""Thriller""}, {""id"": 18, ""name"": ""Drama""}]",,4477,"[{""id"": 242, ""name"": ""new york""}, {""id"": 949, ""name"": ""terrorist""}, {""id"": 2142, ""name"": ""anonymity""}, {""id"": 7005, ""name"": ""northern ireland""}]",en,The Devil's Own,"Frankie McGuire, one of the IRA's deadliest assassins, draws an American family into the crossfire of terrorism. But when he is sent to the U.S. to buy weapons, Frankie is housed with the family of Tom O'Meara, a New York cop who knows nothing about Frankie's real identity. Their surprising friendship, and Tom's growing suspicions, forces Frankie to choose between the promise of peace or a lifetime of murder.",15.350451,"[{""name"": ""Columbia Pictures"", ""id"": 5}]","[{""iso_3166_1"": ""US"", ""name"": ""United States of America""}]",3/12/1997,140807547,107,"[{""iso_639_1"": ""en"", ""name"": ""English""}]",Released,"They come from different worlds. They fight for different causes. Now, two men from opposite sides of the law are about to go to war.",The Devil's Own,5.9,290
50000000,"[{""id"": 28, ""name"": ""Action""}, {""id"": 53, ""name"": ""Thriller""}, {""id"": 9648, ""name"": ""Mystery""}, {""id"": 10749, ""name"": ""Romance""}]",,11863,"[{""id"": 550, ""name"": ""callgirl""}, {""id"": 582, ""name"": ""san francisco""}, {""id"": 5340, ""name"": ""investigation""}, {""id"": 9826, ""name"": ""murder""}]",en,Jade,"Someone does a nasty hatchet job on a San Fransisco big noise and the Assistant D.A. takes charge of the investigation. Through a web of blackmail and prostitution involving the Governor, an old lover of the law man emerges as a prime suspect and he has to deal with his personal feelings as well as the case.",8.189406,"[{""name"": ""Paramount Pictures"", ""id"": 4}]","[{""iso_3166_1"": ""US"", ""name"": ""United States of America""}]",10/13/1995,9851610,95,"[{""iso_639_1"": ""en"", ""name"": ""English""}]",Released,Some fantasies go too far.,Jade,5.2,44
25000000,"[{""id"": 10749, ""name"": ""Romance""}, {""id"": 18, ""name"": ""Drama""}, {""id"": 35, ""name"": ""Comedy""}]",,1909,"[{""id"": 5906, ""name"": ""sex addiction""}, {""id"": 9673, ""name"": ""love""}, {""id"": 11857, ""name"": ""mental institution""}, {""id"": 14781, ""name"": ""patient""}, {""id"": 15106, ""name"": ""psychiatrist""}, {""id"": 180077, ""name"": ""don juan""}]",en,Don Juan DeMarco,"John Arnold DeMarco is a man who believes he is Don Juan, the greatest lover in the world. Clad in a cape and mask, DeMarco undergoes psychiatric treatment with Dr. Jack Mickler to cure him of his apparent delusion. But the psychiatric sessions have an unexpected effect on the psychiatric staff and, most profoundly, Dr Mickler, who rekindles the romance in his complacent marriage.",8.870614,"[{""name"": ""New Line Cinema"", ""id"": 12}, {""name"": ""American Zoetrope"", ""id"": 70}]","[{""iso_3166_1"": ""US"", ""name"": ""United States of America""}]",10/1/1994,22200000,97,"[{""iso_639_1"": ""en"", ""name"": ""English""}]",Released,The story of the man who thought he was the greatest lover in the world... and the people who tried to cure him of it!,Don Juan DeMarco,6.2,183
75000000,"[{""id"": 28, ""name"": ""Action""}, {""id"": 12, ""name"": ""Adventure""}, {""id"": 35, ""name"": ""Comedy""}]",,6415,"[{""id"": 1321, ""name"": ""gold""}, {""id"": 2952, ""name"": ""gulf war""}, {""id"": 3570, ""name"": ""three kings""}, {""id"": 5939, ""name"": ""iraq""}, {""id"": 8651, ""name"": ""kuwait""}, {""id"": 10084, ""name"": ""rescue""}, {""id"": 10131, ""name"": ""interracial relationship""}, {""id"": 11088, ""name"": ""treasure map""}, {""id"": 13065, ""name"": ""soldier""}, {""id"": 33564, ""name"": ""u.s. soldier""}, {""id"": 159859, ""name"": ""gold theft""}, {""id"": 168818, ""name"": ""persian gulf""}, {""id"": 168835, ""name"": ""emergency surgery""}, {""id"": 168839, ""name"": ""mine field""}]",en,Three Kings,"A group of American soldiers stationed in Iraq at the end of the Gulf War find a map they believe will take them to a huge cache of stolen Kuwaiti gold hidden near their base, and they embark on a secret mission that's destined to change everything.",34.973086,"[{""name"": ""Village Roadshow Pictures"", ""id"": 79}, {""name"": ""Atlas Entertainment"", ""id"": 507}, {""name"": ""Warner Bros."", ""id"": 6194}, {""name"": ""Village-A.M. Partnership"", ""id"": 23689}, {""name"": ""Coast Ridge"", ""id"": 23690}, {""name"": ""Junger Witt Productions"", ""id"": 23691}]","[{""iso_3166_1"": ""US"", ""name"": ""United States of America""}]",9/27/1999,108000000,114,"[{""iso_639_1"": ""en"", ""name"": ""English""}, {""iso_639_1"": ""ar"", ""name"": ""\u0627\u0644\u0639\u0631\u0628\u064a\u0629""}]",Released,It's good to be King.,Three Kings,6.6,692
55000000,"[{""id"": 18, ""name"": ""Drama""}]",http://www.sonypictures.com/movies/sevenpounds/,11321,"[{""id"": 4459, ""name"": ""vegetarian""}, {""id"": 9368, ""name"": ""tax collector""}, {""id"": 14743, ""name"": ""pianist""}, {""id"": 33768, ""name"": ""blind""}, {""id"": 33773, ""name"": ""organ transplant""}, {""id"": 33774, ""name"": ""blood type""}]",en,Seven Pounds,An IRS agent with a fateful secret embarks on an extraordinary journey of redemption by forever changing the lives of seven strangers.,41.472404,"[{""name"": ""Columbia Pictures"", ""id"": 5}, {""name"": ""Escape Artists"", ""id"": 1423}, {""name"": ""Relativity Media"", ""id"": 7295}, {""name"": ""Overbrook Entertainment"", ""id"": 12485}]","[{""iso_3166_1"": ""US"", ""name"": ""United States of America""}]",12/18/2008,168167691,123,"[{""iso_639_1"": ""en"", ""name"": ""English""}, {""iso_639_1"": ""es"", ""name"": ""Espa\u00f1ol""}]",Released,Seven names. Seven strangers. One secret.,Seven Pounds,7.5,2039
4800000,"[{""id"": 27, ""name"": ""Horror""}]",http://www.hostelfilm.com/,1690,"[{""id"": 472, ""name"": ""bathroom""}, {""id"": 572, ""name"": ""sex""}, {""id"": 587, ""name"": ""amsterdam""}, {""id"": 1295, ""name"": ""europe""}, {""id"": 1411, ""name"": ""brothel""}, {""id"": 5689, ""name"": ""slovakia""}, {""id"": 5891, ""name"": ""backpacker""}, {""id"": 8087, ""name"": ""horror""}, {""id"": 10292, ""name"": ""gore""}, {""id"": 11221, ""name"": ""blood""}, {""id"": 13006, ""name"": ""torture""}, {""id"": 155955, ""name"": ""business card""}, {""id"": 156149, ""name"": ""doberman""}, {""id"": 157958, ""name"": ""hostel""}, {""id"": 157959, ""name"": ""surgery""}, {""id"": 198438, ""name"": ""elite club""}, {""id"": 198441, ""name"": ""fingers""}]",en,Hostel,"Three backpackers head to a Slovakian city that promises to meet their hedonistic expectations, with no idea of the hell that awaits them.",38.83192,"[{""name"": ""International Production Company"", ""id"": 1507}, {""name"": ""Raw Nerve"", ""id"": 1631}, {""name"": ""Lionsgate"", ""id"": 1632}, {""name"": ""Next Entertainment"", ""id"": 1633}, {""name"": ""Screen Gems"", ""id"": 3287}, {""name"": ""Hostel LLC"", ""id"": 17793}]","[{""iso_3166_1"": ""US"", ""name"": ""United States of America""}]",1/6/2005,80578934,94,"[{""iso_639_1"": ""en"", ""name"": ""English""}]",Released,Welcome To Your Worst Nightmare,Hostel,5.7,887
25000000,"[{""id"": 80, ""name"": ""Crime""}, {""id"": 53, ""name"": ""Thriller""}]",https://www.uphe.com/movies/legend-2015,276907,"[{""id"": 5565, ""name"": ""biography""}, {""id"": 9672, ""name"": ""based on true story""}, {""id"": 13142, ""name"": ""gangster""}, {""id"": 15016, ""name"": ""twins""}]",en,Legend,"Suave, charming and volatile, Reggie Kray and his unstable twin brother Ronnie start to leave their mark on the London underworld in the 1960s. Using violence to get what they want, the siblings orchestrate robberies and murders while running nightclubs and protection rackets. With police Detective Leonard ""Nipper"" Read hot on their heels, the brothers continue their rapid rise to power and achieve tabloid notoriety.",32.854557,"[{""name"": ""Working Title Films"", ""id"": 10163}, {""name"": ""Cross Creek Pictures"", ""id"": 10246}, {""name"": ""Anton Capital Entertainment (ACE)"", ""id"": 20664}]","[{""iso_3166_1"": ""GB"", ""name"": ""United Kingdom""}, {""iso_3166_1"": ""US"", ""name"": ""United States of America""}, {""iso_3166_1"": ""FR"", ""name"": ""France""}]",9/9/2015,42972994,131,"[{""iso_639_1"": ""en"", ""name"": ""English""}]",Released,"Love, fight, live, rule like a legend.",Legend,6.7,973
24000000,"[{""id"": 35, ""name"": ""Comedy""}]",http://www.oldschool-themovie.com,11635,"[{""id"": 171134, ""name"": ""sex doll""}, {""id"": 171143, ""name"": ""streaking""}, {""id"": 171150, ""name"": ""mouth to mouth resuscitation""}]",en,Old School,Three friends attempt to recapture their glory days by opening up a fraternity near their alma mater.,24.70166,"[{""name"": ""DreamWorks SKG"", ""id"": 27}, {""name"": ""The Montecito Picture Company"", ""id"": 2364}]","[{""iso_3166_1"": ""US"", ""name"": ""United States of America""}]",2/21/2003,87055349,91,"[{""iso_639_1"": ""en"", ""name"": ""English""}]",Released,"All the fun of college, none of the education.",Old School,6.6,541
12000000,"[{""id"": 878, ""name"": ""Science Fiction""}, {""id"": 53, ""name"": ""Thriller""}]",http://www.projectalmanac.com/,227719,"[{""id"": 4379, ""name"": ""time travel""}, {""id"": 5455, ""name"": ""time machine""}, {""id"": 13130, ""name"": ""teenager""}, {""id"": 163053, ""name"": ""found footage""}]",en,Project Almanac,"A group of teens discover secret plans of a time machine, and construct one. However, things start to get out of control.",32.940597,"[{""name"": ""Paramount Pictures"", ""id"": 4}, {""name"": ""MTV Films"", ""id"": 746}, {""name"": ""Platinum Dunes"", ""id"": 2481}, {""name"": ""Insurge Pictures"", ""id"": 7377}]","[{""iso_3166_1"": ""US"", ""name"": ""United States of America""}]",1/30/2015,32248241,106,"[{""iso_639_1"": ""en"", ""name"": ""English""}]",Released,Today is better the second time around,Project Almanac,6.4,933
4000000,"[{""id"": 35, ""name"": ""Comedy""}]",,10246,"[{""id"": 255, ""name"": ""male nudity""}, {""id"": 293, ""name"": ""female nudity""}, {""id"": 572, ""name"": ""sex""}, {""id"": 1196, ""name"": ""florida""}, {""id"": 2389, ""name"": ""virgin""}, {""id"": 2483, ""name"": ""nudity""}, {""id"": 6593, ""name"": ""stripper""}, {""id"": 10250, ""name"": ""redneck""}, {""id"": 10873, ""name"": ""school""}, {""id"": 11254, ""name"": ""loss of virginity""}, {""id"": 12011, ""name"": ""hijinks""}, {""id"": 12425, ""name"": ""racism""}, {""id"": 13130, ""name"": ""teenager""}, {""id"": 14794, ""name"": ""lust""}, {""id"": 15075, ""name"": ""mischief""}, {""id"": 156391, ""name"": ""peeping tom""}, {""id"": 161266, ""name"": ""teaching""}, {""id"": 161267, ""name"": ""misadventure""}, {""id"": 179431, ""name"": ""duringcreditsstinger""}, {""id"": 180340, ""name"": ""voyeur""}, {""id"": 206850, ""name"": ""canuxploitation""}, {""id"": 208445, ""name"": ""virginity""}]",en,Porky's,"Set in 1954, a group of Florida high schoolers seek out to lose their virginity which leads them to seek revenge on a sleazy nightclub owner and his redneck sheriff brother for harassing them.",12.891276,"[{""name"": ""Melvin Simon Productions"", ""id"": 2124}, {""name"": ""Astral Bellevue Path\u00e9"", ""id"": 10313}]","[{""iso_3166_1"": ""US"", ""name"": ""United States of America""}, {""iso_3166_1"": ""CA"", ""name"": ""Canada""}]",11/13/1981,125728258,94,"[{""iso_639_1"": ""en"", ""name"": ""English""}]",Released,Keep an eye out for the funniest movie about growing up ever made!,Porky's,6.1,183
70000000,"[{""id"": 10749, ""name"": ""Romance""}, {""id"": 35, ""name"": ""Comedy""}, {""id"": 12, ""name"": ""Adventure""}]",http://www.warnerbros.com/fools-gold,8676,"[{""id"": 720, ""name"": ""helicopter""}, {""id"": 1227, ""name"": ""cemetery""}, {""id"": 1422, ""name"": ""boat""}, {""id"": 1666, ""name"": ""mexican standoff""}, {""id"": 1938, ""name"": ""sword""}, {""id"": 1964, ""name"": ""cave""}, {""id"": 2580, ""name"": ""shipwreck""}, {""id"": 3342, ""name"": ""yacht""}, {""id"": 3345, ""name"": ""bahamas""}, {""id"": 3468, ""name"": ""jet ski""}, {""id"": 6956, ""name"": ""treasure hunt""}, {""id"": 9823, ""name"": ""rivalry""}, {""id"": 10503, ""name"": ""scuba diving""}, {""id"": 13142, ""name"": ""gangster""}, {""id"": 14785, ""name"": ""underwater""}, {""id"": 15160, ""name"": ""divorce""}, {""id"": 41185, ""name"": ""heiress""}, {""id"": 163758, ""name"": ""ex-husband ex-wife relationship""}, {""id"": 194943, ""name"": ""henchmen""}]",en,Fool's Gold,"Treasure hunter Ben ""Finn"" Finnegan has sunk his marriage to Tess and his trusty boat in his obsessive quest to find the legendary Queen's Dowry. When he finds a vital clue that may finally pinpoint the treasure's whereabouts, he drags Tess and her boss, billionaire Nigel Honeycutt, along on the hunt. But Finn is not the only one interested in the gold; his former mentor-turned-enemy Moe Fitch will stop at nothing to beat him to it.",21.789615,"[{""name"": ""De Line Pictures"", ""id"": 2609}, {""name"": ""Warner Bros."", ""id"": 6194}]","[{""iso_3166_1"": ""US"", ""name"": ""United States of America""}]",2/7/2008,111231041,112,"[{""iso_639_1"": ""en"", ""name"": ""English""}]",Released,This February True Love Takes a Dive.,Fool's Gold,5.4,444
30000000,"[{""id"": 28, ""name"": ""Action""}, {""id"": 80, ""name"": ""Crime""}, {""id"": 53, ""name"": ""Thriller""}]",http://www.safethefilm.com/,72387,"[{""id"": 180366, ""name"": ""broken trachea""}]",en,Safe,"After a former elite agent rescues a 12-year-old Chinese girl who's been abducted, they find themselves in the middle of a standoff between Triads, the Russian Mafia and high-level corrupt New York City politicians and police.",31.92695,"[{""name"": ""Lawrence Bender Productions"", ""id"": 2253}, {""name"": ""IM Global"", ""id"": 7437}, {""name"": ""Automatik Entertainment"", ""id"": 7625}, {""name"": ""Trigger Street Productions"", ""id"": 11801}, {""name"": ""87Eleven"", ""id"": 23008}]","[{""iso_3166_1"": ""US"", ""name"": ""United States of America""}]",4/16/2012,40346186,94,"[{""iso_639_1"": ""en"", ""name"": ""English""}, {""iso_639_1"": ""zh"", ""name"": ""\u666e\u901a\u8bdd""}, {""iso_639_1"": ""ru"", ""name"": ""P\u0443\u0441\u0441\u043a\u0438\u0439""}]",Released,She has the code. He is the key.,Safe,6.3,799
10000000,"[{""id"": 14, ""name"": ""Fantasy""}, {""id"": 35, ""name"": ""Comedy""}, {""id"": 12, ""name"": ""Adventure""}]",http://www.dogma-movie.com/,1832,"[{""id"": 290, ""name"": ""angel""}, {""id"": 2024, ""name"": ""wisconsin""}, {""id"": 4636, ""name"": ""church service""}, {""id"": 14765, ""name"": ""church""}, {""id"": 179430, ""name"": ""aftercreditsstinger""}, {""id"": 179431, ""name"": ""duringcreditsstinger""}]",en,Dogma,"The latest battle in the eternal war between Good and Evil has come to New Jersey in the late, late 20th Century. Angels, demons, apostles and prophets (of a sort) walk among the cynics and innocents of America and duke it out for the fate of humankind.",14.543435,"[{""name"": ""Lions Gate"", ""id"": 6644}, {""name"": ""View Askew Productions"", ""id"": 16934}]","[{""iso_3166_1"": ""US"", ""name"": ""United States of America""}]",11/12/1999,30652890,130,"[{""iso_639_1"": ""en"", ""name"": ""English""}]",Released,It can be Hell getting into Heaven,Dogma,6.8,823
33000000,"[{""id"": 28, ""name"": ""Action""}, {""id"": 27, ""name"": ""Horror""}, {""id"": 9648, ""name"": ""Mystery""}, {""id"": 878, ""name"": ""Science Fiction""}, {""id"": 53, ""name"": ""Thriller""}]",http://www.pandorummovie.com/,19898,"[{""id"": 4565, ""name"": ""dystopia""}, {""id"": 9831, ""name"": ""spaceship""}, {""id"": 10349, ""name"": ""survival""}, {""id"": 10364, ""name"": ""mission""}]",en,Pandorum,"Two crew members wake up on an abandoned spacecraft with no idea who they are, how long they've been asleep, or what their mission is. The two soon discover they're actually not alone – and the reality of their situation is more horrifying than they could have imagined.",28.353517,"[{""name"": ""Impact Pictures"", ""id"": 248}, {""name"": ""Constantin Film Produktion"", ""id"": 5755}]","[{""iso_3166_1"": ""DE"", ""name"": ""Germany""}, {""iso_3166_1"": ""GB"", ""name"": ""United Kingdom""}]",9/8/2009,20645327,108,"[{""iso_639_1"": ""en"", ""name"": ""English""}, {""iso_639_1"": ""vi"", ""name"": ""Ti\u1ebfng Vi\u1ec7t""}, {""iso_639_1"": ""de"", ""name"": ""Deutsch""}]",Released,Don't fear the end of the world. Fear what happens next.,Pandorum,6.5,774
100000000,"[{""id"": 53, ""name"": ""Thriller""}, {""id"": 878, ""name"": ""Science Fiction""}, {""id"": 28, ""name"": ""Action""}, {""id"": 12, ""name"": ""Adventure""}]",,869,"[{""id"": 690, ""name"": ""gorilla""}, {""id"": 1826, ""name"": ""space marine""}, {""id"": 1828, ""name"": ""space suit""}, {""id"": 2020, ""name"": ""revolution""}, {""id"": 2552, ""name"": ""chimp""}, {""id"": 2831, ""name"": ""slavery""}, {""id"": 3801, ""name"": ""space travel""}, {""id"": 4379, ""name"": ""time travel""}, {""id"": 4565, ""name"": ""dystopia""}, {""id"": 10158, ""name"": ""alien planet""}, {""id"": 14759, ""name"": ""ape""}, {""id"": 207569, ""name"": ""human subjugation""}]",en,Planet of the Apes,"After a spectacular crash-landing on an uncharted planet, brash astronaut Leo Davidson finds himself trapped in a savage world where talking apes dominate the human race. Desperate to find a way home, Leo must evade the invincible gorilla army led by Ruthless General Thade.",51.188633,"[{""name"": ""Twentieth Century Fox Film Corporation"", ""id"": 306}, {""name"": ""Tim Burton Productions"", ""id"": 8601}, {""name"": ""Zanuck Company, The"", ""id"": 20004}]","[{""iso_3166_1"": ""US"", ""name"": ""United States of America""}]",7/25/2001,362211740,119,"[{""iso_639_1"": ""en"", ""name"": ""English""}]",Released,You'll be sorry you were ever born human,Planet of the Apes,5.6,1243
120000000,"[{""id"": 35, ""name"": ""Comedy""}, {""id"": 18, ""name"": ""Drama""}, {""id"": 10749, ""name"": ""Romance""}]",http://www.howdoyouknow-movie.com/,42888,"[{""id"": 128, ""name"": ""love triangle""}, {""id"": 1480, ""name"": ""baseball""}, {""id"": 10456, ""name"": ""athlete""}, {""id"": 179430, ""name"": ""aftercreditsstinger""}]",en,How Do You Know,"After being cut from the USA softball team and feeling a bit past her prime, Lisa finds herself evaluating her life and in the middle of a love triangle, as a corporate guy in crisis competes with her current, baseball-playing beau.",11.137655,"[{""name"": ""Columbia Pictures"", ""id"": 5}, {""name"": ""Gracie Films"", ""id"": 18}, {""name"": ""Road Rebel"", ""id"": 2648}]","[{""iso_3166_1"": ""US"", ""name"": ""United States of America""}]",12/17/2010,48668907,121,"[{""iso_639_1"": ""en"", ""name"": ""English""}]",Released,How do you know it's love?,How Do You Know,4.9,223
2000000,"[{""id"": 18, ""name"": ""Drama""}, {""id"": 10402, ""name"": ""Music""}, {""id"": 10749, ""name"": ""Romance""}]",,43839,"[{""id"": 1691, ""name"": ""dance""}, {""id"": 167411, ""name"": ""ragtime""}, {""id"": 225156, ""name"": ""concert tour""}]",en,Alexander's Ragtime Band,"Roger Grant, a classical violinist, disappoints his family and teacher when he organizes a jazz band, but he and the band become successful. Roger falls in love with his singer Stella, but his reluctance to lose her leads him to thwart her efforts to become a solo star. When the World War separates them in 1917, Stella marries Roger's best friend Charlie. Roger comes home after the war and an important concert at Carnegie Hall brings the corners of the romantic triangle together.",0.483974,"[{""name"": ""Twentieth Century Fox Film Corporation"", ""id"": 306}]","[{""iso_3166_1"": ""US"", ""name"": ""United States of America""}]",5/24/1938,4000000,106,"[{""iso_639_1"": ""en"", ""name"": ""English""}]",Released,An American Cavalcade!,Alexander's Ragtime Band,4.8,6
50000000,"[{""id"": 28, ""name"": ""Action""}, {""id"": 53, ""name"": ""Thriller""}]",,216282,"[{""id"": 2213, ""name"": ""tornado""}, {""id"": 12105, ""name"": ""student""}, {""id"": 163053, ""name"": ""found footage""}, {""id"": 199076, ""name"": ""disaster movie""}]",en,Into the Storm,"The town of Silverton is in one day destroyed by the unprecedented power of a series of tornadoes. The population is at the mercy of the unpredictable and deadly cyclones, while hunters warn that the worst is yet to come. Most people find shelter, but some just go to the tornado for that one, unique shot.",20.566554,"[{""name"": ""New Line Cinema"", ""id"": 12}, {""name"": ""Village Roadshow Pictures"", ""id"": 79}, {""name"": ""Broken Road Productions"", ""id"": 8000}, {""name"": ""RatPac-Dune Entertainment"", ""id"": 41624}]","[{""iso_3166_1"": ""US"", ""name"": ""United States of America""}]",8/6/2014,160602194,89,"[{""iso_639_1"": ""en"", ""name"": ""English""}]",Released,Prepare to go,Into the Storm,5.8,817
28000000,"[{""id"": 10749, ""name"": ""Romance""}]",,112949,"[{""id"": 818, ""name"": ""based on novel""}, {""id"": 1415, ""name"": ""small town""}, {""id"": 33476, ""name"": ""widower""}, {""id"": 33479, ""name"": ""single father""}, {""id"": 212643, ""name"": ""abusive husband""}]",en,Safe Haven,"A young woman with a mysterious past lands in Southport, North Carolina where her bond with a widower forces her to confront the dark secret that haunts her.",37.729059,"[{""name"": ""Temple Hill Productions"", ""id"": 722}, {""name"": ""Relativity Media"", ""id"": 7295}]","[{""iso_3166_1"": ""US"", ""name"": ""United States of America""}]",2/7/2013,97594140,115,"[{""iso_639_1"": ""en"", ""name"": ""English""}, {""iso_639_1"": ""pt"", ""name"": ""Portugu\u00eas""}]",Released,You know it when you find it,Safe Haven,6.9,823
22000000,"[{""id"": 35, ""name"": ""Comedy""}]",,11453,"[{""id"": 437, ""name"": ""painter""}, {""id"": 587, ""name"": ""amsterdam""}, {""id"": 630, ""name"": ""dolphin""}, {""id"": 1295, ""name"": ""europe""}, {""id"": 1667, ""name"": ""pimp""}, {""id"": 2699, ""name"": ""fetish""}, {""id"": 3248, ""name"": ""gigolo""}, {""id"": 34112, ""name"": ""wig""}, {""id"": 41327, ""name"": ""snorkel""}, {""id"": 41328, ""name"": ""whistle""}]",en,Deuce Bigalow: European Gigolo,Deuce Bigalow goes to Amsterdam after a little accident including two irritating kids and a bunch of aggressive dolphins. There he meets up with his old friend T.J. Hicks. But a mysterious killer starts killing some of Amsterdam's finest gigolos and T.J. is mistaken for the extremely gay murderer. Deuce must enter the gigolo industry again to find the real murderer and clear T.J.'s name.,10.259461,"[{""name"": ""Columbia Pictures Corporation"", ""id"": 441}, {""name"": ""Out of the Blue... Entertainment"", ""id"": 879}, {""name"": ""Happy Madison Productions"", ""id"": 2608}]","[{""iso_3166_1"": ""US"", ""name"": ""United States of America""}]",8/6/2005,22400154,83,"[{""iso_639_1"": ""nl"", ""name"": ""Nederlands""}, {""iso_639_1"": ""en"", ""name"": ""English""}, {""iso_639_1"": ""pl"", ""name"": ""Polski""}, {""iso_639_1"": ""pt"", ""name"": ""Portugu\u00eas""}]",Released,For the women of Europe... The price of love just got a lot cheaper.,Deuce Bigalow: European Gigolo,4.7,225
5000000,"[{""id"": 27, ""name"": ""Horror""}, {""id"": 53, ""name"": ""Thriller""}]",http://www.stayinyourroom.com/,298312,"[{""id"": 897, ""name"": ""rap music""}, {""id"": 904, ""name"": ""pennsylvania""}, {""id"": 1155, ""name"": ""brother sister relationship""}, {""id"": 4932, ""name"": ""farm""}, {""id"": 9229, ""name"": ""grandparents""}, {""id"": 9826, ""name"": ""murder""}, {""id"": 10103, ""name"": ""children""}, {""id"": 10183, ""name"": ""independent film""}, {""id"": 13127, ""name"": ""farmhouse""}, {""id"": 14768, ""name"": ""single mother""}, {""id"": 14819, ""name"": ""violence""}, {""id"": 160841, ""name"": ""oven""}, {""id"": 163053, ""name"": ""found footage""}, {""id"": 172664, ""name"": ""hide and seek""}, {""id"": 200283, ""name"": ""diaper""}]",en,The Visit,"The terrifying story of a brother and sister who are sent to their grandparents' remote Pennsylvania farm for a weeklong trip. Once the children discover that the elderly couple is involved in something deeply disturbing, they see their chances of getting back home are growing smaller every day.",38.94708,"[{""name"": ""Blumhouse Productions"", ""id"": 3172}, {""name"": ""Blinding Edge Pictures"", ""id"": 12236}]","[{""iso_3166_1"": ""US"", ""name"": ""United States of America""}]",9/10/2015,98450062,94,"[{""iso_639_1"": ""en"", ""name"": ""English""}]",Released,No one loves you like your grandparents.,The Visit,6,1360
110000000,"[{""id"": 28, ""name"": ""Action""}, {""id"": 10752, ""name"": ""War""}]",http://www.300themovie.com/,53182,"[{""id"": 18712, ""name"": ""based on graphic novel""}, {""id"": 162861, ""name"": ""ancient greece""}, {""id"": 179431, ""name"": ""duringcreditsstinger""}, {""id"": 182677, ""name"": ""sea battle""}, {""id"": 188955, ""name"": ""hand to hand combat""}, {""id"": 190999, ""name"": ""minions""}, {""id"": 195862, ""name"": ""naval warfare""}, {""id"": 209714, ""name"": ""3d""}]",en,300: Rise of an Empire,"Based on Frank Miller's latest graphic novel Xerxes and told in the breathtaking visual style of the blockbuster ""300,"" this new chapter of the epic saga takes the action to a fresh battlefield--on the sea--as Greek general Themistokles attempts to unite all of Greece by leading the charge that will change the course of the war. ""300: Rise of an Empire"" pits Themistokles against the massive invading Persian forces led by mortal-turned-god Xerxes and Artemesia, the vengeful commander of the Persian navy.",71.510596,"[{""name"": ""Legendary Pictures"", ""id"": 923}, {""name"": ""Hollywood Gang Productions"", ""id"": 2994}, {""name"": ""Atmosphere Entertainment MM"", ""id"": 2995}, {""name"": ""Warner Bros."", ""id"": 6194}, {""name"": ""Nimar Studios"", ""id"": 7636}, {""name"": ""Cruel and Unusual Films"", ""id"": 78685}]","[{""iso_3166_1"": ""US"", ""name"": ""United States of America""}]",3/5/2014,337580051,102,"[{""iso_639_1"": ""en"", ""name"": ""English""}]",Released,Seize your glory!,300: Rise of an Empire,6.1,2397
12000000,"[{""id"": 35, ""name"": ""Comedy""}, {""id"": 80, ""name"": ""Crime""}]",,57214,"[{""id"": 2016, ""name"": ""vandalism""}, {""id"": 6270, ""name"": ""high school""}, {""id"": 8181, ""name"": ""swimming pool""}, {""id"": 8508, ""name"": ""party""}, {""id"": 11870, ""name"": ""teen movie""}, {""id"": 13130, ""name"": ""teenager""}, {""id"": 15162, ""name"": ""dog""}, {""id"": 33910, ""name"": ""high school student""}, {""id"": 160517, ""name"": ""fake documentary""}, {""id"": 171134, ""name"": ""sex doll""}, {""id"": 182145, ""name"": ""lime""}, {""id"": 182147, ""name"": ""underwater photography""}, {""id"": 182148, ""name"": ""bouncy castle""}, {""id"": 182163, ""name"": ""flash grenade""}]",en,Project X,"Three high school seniors throw a party to make a name for themselves. As the night progresses, things spiral out of control as word of the party spreads.",49.070321,"[{""name"": ""Silver Pictures"", ""id"": 1885}, {""name"": ""Green Hat Films"", ""id"": 3527}]","[{""iso_3166_1"": ""US"", ""name"": ""United States of America""}]",3/1/2012,100000000,88,"[{""iso_639_1"": ""en"", ""name"": ""English""}]",Released,Witness it,Project X,6.5,1564
30000000,"[{""id"": 53, ""name"": ""Thriller""}, {""id"": 80, ""name"": ""Crime""}, {""id"": 18, ""name"": ""Drama""}]",http://www.prideandglorymovie.com/,13150,"[{""id"": 467, ""name"": ""megacity""}, {""id"": 2102, ""name"": ""brother-in-law""}, {""id"": 6149, ""name"": ""police""}]",en,Pride and Glory,"A saga centered on a multi-generational family of New York City Police officers. The family's moral codes are tested when Ray Tierney, investigates a case that reveals an incendiary police corruption scandal involving his own brother-in-law. For Ray, the truth is revelatory, a Pandora's Box that threatens to upend not only the Tierney legacy but the entire NYPD.",10.703602,"[{""name"": ""New Line Cinema"", ""id"": 12}, {""name"": ""Solaris Film"", ""id"": 1001}, {""name"": ""Avery Pix"", ""id"": 1565}, {""name"": ""O'Connor Brothers"", ""id"": 12066}, {""name"": ""Kumar Mobiliengesellschaft mbH & Co. Projekt Nr. 1 KG"", ""id"": 12067}]","[{""iso_3166_1"": ""US"", ""name"": ""United States of America""}, {""iso_3166_1"": ""DE"", ""name"": ""Germany""}]",9/9/2008,31148328,130,"[{""iso_639_1"": ""en"", ""name"": ""English""}]",Released,Truth. Honor. Loyalty. Family. What are you willing to sacrifice?,Pride and Glory,6.3,240
